Player,Team,Pos,Age,G,AB,R,H,2B,3B,HR,RBI,SB,CS,BB,SO,SH,SF,HBP,AVG,OBP,SLG,OPS
Trea Turner,PHI,SS,29,23,99,16,29,4,2,2,7,4,0,7,25,0,0,0,0.293,0.34,0.434,0.774
Bryson Stott,PHI,SS,25,22,97,7,33,7,0,2,9,3,0,3,21,0,0,0,0.34,0.36,0.474,0.834
Julio Rodriguez,SEA,OF,22,22,94,17,23,5,1,4,12,5,3,8,24,0,0,1,0.245,0.311,0.447,0.758
Bo Bichette,TOR,SS,25,22,94,13,31,5,0,4,12,0,2,4,14,0,0,1,0.33,0.364,0.511,0.875
Nico Hoerner,CHC,SS,25,21,93,20,33,5,0,2,11,9,2,6,7,0,0,1,0.355,0.4,0.473,0.873
Jose Abreu,HOU,1B,36,22,92,6,23,3,0,0,10,0,0,4,23,0,0,1,0.25,0.289,0.283,0.572
George Springer,TOR,OF,33,22,91,12,18,1,0,3,8,3,1,8,20,0,0,0,0.198,0.263,0.308,0.571
Manny Machado,SD,3B,30,23,91,7,20,3,0,1,7,1,0,4,22,0,1,0,0.22,0.25,0.286,0.536
Ronald Acuna,ATL,OF,25,22,91,20,34,8,0,3,11,12,2,12,16,0,0,1,0.374,0.452,0.56,1.012
Luis Robert,CWS,OF,25,21,90,13,21,6,0,5,13,1,0,2,25,0,0,0,0.233,0.25,0.467,0.717
Rafael Devers,BOS,3B,26,22,90,17,23,7,0,8,21,0,0,5,20,0,1,1,0.256,0.299,0.6,0.899
Alex Verdugo,BOS,OF,26,23,90,18,29,4,1,3,11,1,0,9,12,0,0,2,0.322,0.396,0.489,0.885
Pete Alonso,NYM,1B,28,23,90,18,24,1,0,10,23,0,0,11,23,0,0,0,0.267,0.347,0.611,0.958
Freddie Freeman,LAD,1B,33,23,89,18,25,5,0,3,7,1,1,13,19,0,1,0,0.281,0.369,0.438,0.807
Ryan Mountcastle,BAL,1B,26,21,89,13,19,4,0,6,20,2,0,3,23,0,2,0,0.213,0.234,0.461,0.695
Ke'Bryan Hayes,PIT,3B,26,22,88,13,20,6,2,1,7,3,2,7,10,0,1,0,0.227,0.281,0.375,0.656
Jeremy Pena,HOU,SS,25,22,88,15,19,6,0,3,12,6,1,4,25,0,0,4,0.216,0.281,0.386,0.667
Nolan Arenado,STL,3B,32,22,88,10,25,3,0,2,14,1,1,7,20,0,1,0,0.284,0.333,0.386,0.719
J.D. Martinez,LAD,DH,35,23,88,13,22,9,2,4,15,0,0,6,30,0,2,2,0.25,0.306,0.534,0.84
Nick Castellanos,PHI,OF,31,23,88,19,27,10,0,2,13,0,1,10,27,0,0,0,0.307,0.378,0.489,0.867
Christian Yelich,MIL,OF,31,22,88,20,22,3,0,3,10,5,0,11,29,0,0,0,0.25,0.333,0.386,0.719
Xander Bogaerts,SD,SS,30,24,88,17,29,4,0,5,12,1,0,12,10,0,1,2,0.33,0.417,0.545,0.962
Jose Ramirez,CLE,3B,30,22,86,11,23,7,1,3,16,4,1,12,11,0,2,0,0.267,0.35,0.477,0.827
Teoscar Hernandez,SEA,OF,30,22,86,9,21,3,0,5,13,1,1,2,27,0,1,3,0.244,0.283,0.453,0.736
Francisco Lindor,NYM,SS,29,23,86,17,19,9,0,4,18,2,0,11,28,0,1,4,0.221,0.333,0.465,0.798
Ozzie Albies,ATL,2B,26,22,86,9,21,2,0,5,18,0,0,4,16,0,1,1,0.244,0.283,0.442,0.725
Matt Olson,ATL,1B,29,22,86,16,22,5,1,6,20,0,0,15,37,0,0,0,0.256,0.366,0.547,0.913
Jose Miranda,MIN,3B,24,22,86,6,21,2,0,0,8,0,0,7,14,0,0,0,0.244,0.301,0.267,0.568
Nathaniel Lowe,TEX,1B,27,21,86,15,22,7,0,2,15,0,0,8,18,0,1,0,0.256,0.316,0.407,0.723
Ty France,SEA,1B,28,22,86,17,25,9,0,1,15,1,0,9,11,0,1,4,0.291,0.38,0.43,0.81
Alec Bohm,PHI,3B,26,23,86,10,26,4,0,3,18,1,1,8,16,0,0,2,0.302,0.375,0.453,0.828
Steven Kwan,CLE,OF,25,22,86,10,21,2,1,0,11,5,1,14,10,0,2,0,0.244,0.343,0.291,0.634
Bobby Witt,KC,SS,22,22,86,12,22,2,2,4,9,5,0,5,16,0,0,0,0.256,0.297,0.465,0.762
Vladimir Guerrero,TOR,1B,24,22,85,16,29,2,0,5,13,1,0,10,10,0,1,3,0.341,0.424,0.541,0.965
Alex Bregman,HOU,3B,29,22,85,14,20,3,0,2,10,0,0,17,12,0,0,1,0.235,0.369,0.341,0.71
Kyle Schwarber,PHI,OF,30,23,85,14,18,4,0,5,10,0,0,14,26,0,0,0,0.212,0.323,0.435,0.758
Bryan Reynolds,PIT,OF,28,22,85,13,25,5,1,5,18,3,0,5,17,0,4,0,0.294,0.319,0.553,0.872
Jeimer Candelario,WAS,3B,29,21,85,11,22,4,0,3,11,0,0,4,18,0,2,2,0.259,0.301,0.412,0.713
Joey Meneses,WAS,1B,30,20,85,6,21,6,0,1,7,0,0,4,18,0,0,0,0.247,0.281,0.353,0.634
Hunter Renfroe,LAA,OF,31,22,84,14,23,6,0,6,18,0,0,10,17,0,0,0,0.274,0.351,0.56,0.911
Marcus Semien,TEX,2B,32,21,84,21,25,4,0,4,20,3,1,10,15,0,1,0,0.298,0.368,0.488,0.856
Eugenio Suarez,SEA,3B,31,22,84,8,22,3,0,2,15,0,1,8,28,0,1,3,0.262,0.344,0.369,0.713
Justin Turner,BOS,3B,38,23,84,13,24,5,0,2,8,1,0,12,11,0,1,3,0.286,0.39,0.417,0.807
Carlos Santana,PIT,1B,37,22,83,11,21,8,0,2,12,1,0,10,19,0,0,0,0.253,0.333,0.422,0.755
Taylor Ward,LAA,OF,29,22,83,16,19,2,0,3,9,1,0,9,21,0,1,3,0.229,0.323,0.361,0.684
Trent Grisham,SD,OF,26,23,83,9,17,7,0,4,9,0,2,13,27,0,0,0,0.205,0.313,0.434,0.747
Wander Franco,TB,SS,22,21,83,11,24,9,0,4,13,4,3,8,15,0,0,2,0.289,0.366,0.542,0.908
Corbin Carroll,ARI,OF,22,23,82,14,23,6,0,4,8,8,0,4,21,0,0,1,0.28,0.322,0.5,0.822
Austin Riley,ATL,3B,26,22,82,13,22,3,0,4,12,0,0,12,26,0,2,1,0.268,0.361,0.451,0.812
Randy Arozarena,TB,OF,28,21,82,16,28,3,0,5,22,3,2,8,18,0,1,2,0.341,0.409,0.561,0.97
Salvador Perez,KC,C,32,21,82,7,18,6,0,2,7,0,0,2,16,0,0,2,0.22,0.256,0.366,0.622
Enrique Hernandez,BOS,OF,31,23,82,17,19,6,0,3,9,1,0,9,23,0,1,1,0.232,0.312,0.415,0.727
Ketel Marte,ARI,2B,29,21,82,15,23,7,2,2,6,1,0,2,11,0,0,2,0.28,0.314,0.488,0.802
Jeff McNeil,NYM,2B,31,23,81,10,24,6,0,1,8,1,0,13,8,0,0,4,0.296,0.418,0.407,0.825
Willy Adames,MIL,SS,27,22,81,14,22,4,0,4,13,2,1,14,20,0,2,0,0.272,0.371,0.469,0.84
Juan Soto,SD,OF,24,24,81,16,16,3,0,4,9,1,0,22,24,0,0,0,0.198,0.369,0.383,0.752
Josh Jung,TEX,3B,25,20,81,13,22,3,0,3,11,1,0,6,28,0,0,0,0.272,0.322,0.42,0.742
Riley Greene,DET,OF,22,20,81,11,19,0,2,2,5,2,0,6,32,0,0,0,0.235,0.287,0.358,0.645
Adolis Garcia,TEX,OF,30,20,80,18,20,3,0,7,28,1,0,6,18,0,2,1,0.25,0.303,0.55,0.853
Lourdes Gurriel,ARI,OF,29,20,80,8,21,5,1,1,11,0,0,1,16,0,1,1,0.263,0.277,0.388,0.665
Ryan McMahon,COL,3B,28,23,80,10,19,6,0,4,12,1,1,9,32,0,1,0,0.238,0.311,0.463,0.774
Cody Bellinger,CHC,OF,27,21,80,18,24,5,0,5,15,4,1,9,13,0,1,2,0.3,0.38,0.55,0.93
Brandon Nimmo,NYM,OF,30,22,80,14,28,6,0,2,13,3,0,15,10,1,2,2,0.35,0.455,0.5,0.955
Kris Bryant,COL,OF,31,21,80,11,23,4,0,3,6,0,0,8,17,0,0,1,0.288,0.36,0.45,0.81
Josh Bell,CLE,1B,30,21,79,6,18,8,0,2,11,0,1,13,20,0,1,0,0.228,0.333,0.405,0.738
Paul Goldschmidt,STL,1B,35,21,79,14,22,6,0,2,9,2,0,15,16,0,0,1,0.278,0.4,0.43,0.83
Christian Walker,ARI,1B,32,21,79,8,19,5,0,3,14,1,0,4,17,0,3,1,0.241,0.276,0.418,0.694
Thairo Estrada,SF,2B,27,20,79,17,26,4,0,4,7,5,0,5,16,0,0,2,0.329,0.384,0.532,0.916
Shohei Ohtani,LAA,DH,28,21,79,13,21,2,0,5,13,1,1,10,21,0,1,0,0.266,0.344,0.481,0.825
Lane Thomas,WAS,OF,27,20,79,10,22,4,0,0,8,2,1,4,23,0,1,1,0.278,0.318,0.329,0.647
Matt Chapman,TOR,3B,29,21,79,14,29,10,0,5,17,1,2,10,22,0,0,0,0.367,0.438,0.684,1.122
Jonathan India,CIN,2B,26,22,79,18,23,7,0,1,8,4,0,11,15,0,2,3,0.291,0.389,0.418,0.807
Adley Rutschman,BAL,C,25,21,79,11,23,2,0,4,15,0,1,18,16,0,0,0,0.291,0.423,0.468,0.891
Jazz Chisholm,MIA,2B,25,21,79,7,17,1,1,3,8,7,1,6,33,1,0,0,0.215,0.271,0.367,0.638
Andres Gimenez,CLE,2B,24,21,78,18,20,5,0,1,5,6,0,6,16,1,0,3,0.256,0.333,0.359,0.692
Andrew Vaughn,CWS,OF,25,21,78,9,19,8,0,1,14,0,0,10,17,0,0,3,0.244,0.352,0.385,0.737
Jake Cronenworth,SD,2B,29,23,78,13,18,7,1,3,11,1,0,9,21,0,2,2,0.231,0.319,0.462,0.781
Austin Hays,BAL,OF,27,21,78,16,23,6,1,4,8,1,0,5,24,0,0,0,0.295,0.337,0.551,0.888
Patrick Wisdom,CHC,3B,31,20,78,17,20,4,1,9,18,0,0,5,28,0,0,1,0.256,0.31,0.679,0.989
Andrew Benintendi,CWS,OF,28,19,78,12,22,5,0,0,5,2,0,6,12,0,0,0,0.282,0.333,0.346,0.679
Mike Yastrzemski,SF,OF,32,20,78,12,21,5,0,4,11,0,2,3,19,0,0,0,0.269,0.296,0.487,0.783
Wil Myers,CIN,OF,32,21,78,8,17,2,0,2,9,1,1,7,29,0,0,0,0.218,0.282,0.321,0.603
Mookie Betts,LAD,OF,30,21,78,15,21,7,0,3,10,1,1,14,20,0,0,1,0.269,0.387,0.474,0.861
Aaron Judge,NYY,OF,30,22,78,16,19,2,0,6,11,2,0,13,31,0,2,0,0.244,0.344,0.5,0.844
C.J. Cron,COL,1B,33,20,77,11,19,3,0,5,10,0,0,4,25,0,0,0,0.247,0.284,0.481,0.765
J.T. Realmuto,PHI,C,32,20,77,8,19,6,1,2,7,4,1,3,24,0,1,1,0.247,0.28,0.429,0.709
Elvis Andrus,CWS,SS,34,22,77,7,16,3,0,0,6,3,1,5,17,0,1,2,0.208,0.271,0.247,0.518
Dansby Swanson,CHC,SS,29,20,77,16,23,3,0,0,5,3,1,15,23,0,0,0,0.299,0.413,0.338,0.751
Mauricio Dubon,HOU,OF,28,18,76,16,25,4,0,0,4,1,0,2,4,0,1,1,0.329,0.35,0.382,0.732
Kyle Tucker,HOU,OF,26,22,76,9,23,3,0,5,17,5,0,16,14,0,1,0,0.303,0.419,0.539,0.958
Anthony Rizzo,NYY,1B,33,21,76,11,24,4,0,5,11,0,1,9,15,0,1,4,0.316,0.411,0.566,0.977
Mike Trout,LAA,OF,31,20,76,15,25,8,0,5,13,0,0,13,24,0,0,2,0.329,0.44,0.632,1.072
Jurickson Profar,COL,OF,30,20,76,6,15,2,0,2,6,0,0,10,22,0,1,0,0.197,0.287,0.303,0.59
TJ Friedl,CIN,OF,27,22,76,7,23,4,1,2,9,1,0,7,18,3,0,0,0.303,0.361,0.461,0.822
Daulton Varsho,TOR,C,26,21,76,12,17,4,0,2,5,4,0,10,22,0,1,1,0.224,0.318,0.355,0.673
Vinnie Pasquantino,KC,1B,25,22,75,10,20,6,0,4,7,0,0,11,13,0,0,1,0.267,0.368,0.507,0.875
Yordan Alvarez,HOU,OF,25,20,75,14,19,3,0,6,27,0,0,11,25,0,1,3,0.253,0.367,0.533,0.9
Esteury Ruiz,OAK,OF,24,22,75,8,21,5,0,0,9,5,0,3,15,2,0,6,0.28,0.357,0.347,0.704
Josh Rojas,ARI,2B,28,19,75,12,22,6,0,0,10,2,0,6,18,0,1,0,0.293,0.341,0.373,0.714
Mark Canha,NYM,OF,34,22,75,12,18,6,0,2,8,2,0,10,16,0,2,2,0.24,0.337,0.4,0.737
Gio Urshela,LAA,3B,31,19,75,10,21,2,0,1,9,1,0,3,14,0,0,0,0.28,0.308,0.347,0.655
Brian Anderson,MIL,3B,29,22,75,15,21,4,0,5,18,0,1,11,24,0,2,0,0.28,0.364,0.533,0.897
Charlie Blackmon,COL,OF,36,21,75,10,21,5,0,1,4,0,1,11,11,0,0,4,0.28,0.4,0.387,0.787
Yandy Diaz,TB,3B,31,20,75,18,23,3,0,6,15,0,0,11,12,0,1,2,0.307,0.404,0.587,0.991
Ian Happ,CHC,OF,28,20,75,12,23,9,0,2,13,4,1,15,21,0,1,0,0.307,0.418,0.507,0.925
Garrett Cooper,MIA,1B,32,19,75,4,22,1,1,3,11,0,0,3,23,0,1,1,0.293,0.325,0.453,0.778
Byron Buxton,MIN,OF,29,20,74,13,18,3,1,3,7,0,0,8,29,0,1,0,0.243,0.313,0.432,0.745
Tyler Stephenson,CIN,C,26,22,74,8,20,4,0,0,9,0,0,8,25,0,0,3,0.27,0.365,0.324,0.689
Cedric Mullins,BAL,OF,28,21,74,9,18,3,1,2,15,9,0,15,15,1,0,0,0.243,0.371,0.392,0.763
Spencer Torkelson,DET,1B,23,20,74,8,16,4,0,2,10,1,0,5,18,0,3,0,0.216,0.256,0.351,0.607
James Outman,LAD,OF,25,23,74,14,23,2,3,7,19,2,1,10,24,0,0,1,0.311,0.4,0.703,1.103
Jordan Walker,STL,OF,20,20,73,8,20,3,0,2,11,2,0,3,20,0,0,2,0.274,0.321,0.397,0.718
MJ Melendez,KC,C,24,20,73,9,13,4,1,2,10,0,0,10,29,0,1,1,0.178,0.282,0.342,0.624
Myles Straw,CLE,OF,28,21,73,10,19,3,0,0,6,7,1,9,14,2,0,1,0.26,0.349,0.301,0.65
Trevor Larnach,MIN,OF,26,21,73,8,17,2,1,2,15,0,0,11,27,0,1,0,0.233,0.329,0.37,0.699
Amed Rosario,CLE,SS,27,17,73,12,19,3,2,1,4,4,0,5,19,0,1,0,0.26,0.304,0.397,0.701
Dominic Smith,WAS,1B,27,19,73,7,17,0,0,0,4,0,0,9,14,0,0,1,0.233,0.325,0.233,0.558
Aledmys Diaz,OAK,2B,32,21,73,6,11,2,0,1,5,0,0,5,17,0,0,1,0.151,0.215,0.219,0.434
Yonathan Daza,COL,OF,29,21,73,7,19,6,0,0,7,1,0,3,13,1,1,1,0.26,0.295,0.342,0.637
Luis Arraez,MIA,2B,26,20,72,8,32,5,1,1,9,1,1,9,4,0,0,0,0.444,0.506,0.583,1.089
Ha-Seong Kim,SD,SS,27,22,72,4,14,4,0,2,6,1,1,7,22,1,0,1,0.194,0.275,0.333,0.608
Gleyber Torres,NYY,2B,26,22,71,10,18,2,1,2,7,5,4,16,12,0,1,0,0.254,0.386,0.394,0.78
Jorge Soler,MIA,OF,31,20,71,10,19,8,0,5,10,0,0,9,17,0,0,1,0.268,0.358,0.592,0.95
Anthony Santander,BAL,OF,28,19,71,5,15,6,0,1,7,0,0,9,25,0,1,0,0.211,0.296,0.338,0.634
Starling Marte,NYM,OF,34,20,71,9,17,4,0,1,6,7,3,8,11,0,0,2,0.239,0.333,0.338,0.671
Max Muncy,LAD,3B,32,22,71,16,18,0,0,11,21,1,0,18,27,0,0,1,0.254,0.411,0.718,1.129
Tony Kemp,OAK,2B,31,19,70,7,11,2,0,1,6,2,0,9,10,0,1,0,0.157,0.25,0.229,0.479
Carlos Correa,MIN,SS,28,18,70,5,15,3,0,2,8,0,0,7,17,0,1,0,0.214,0.282,0.343,0.625
Bryan De La Cruz,MIA,OF,26,20,70,8,22,5,0,2,8,1,0,6,19,0,1,0,0.314,0.364,0.471,0.835
Keibert Ruiz,WAS,C,24,18,69,2,18,4,0,1,7,0,0,5,6,0,0,1,0.261,0.32,0.362,0.682
Tommy Edman,STL,2B,27,21,69,10,19,2,1,3,8,2,1,9,11,1,0,1,0.275,0.367,0.464,0.831
Trey Mancini,CHC,1B,31,18,69,6,16,1,0,2,12,0,0,2,22,0,1,1,0.232,0.26,0.333,0.593
Rowdy Tellez,MIL,1B,28,20,69,12,16,1,0,7,17,0,0,11,20,0,2,0,0.232,0.329,0.551,0.88
Michael Taylor,MIN,OF,32,21,69,7,16,2,0,4,8,1,0,2,27,1,0,2,0.232,0.274,0.435,0.709
Andrew McCutchen,PIT,OF,36,20,69,11,19,4,0,4,9,3,1,12,13,0,2,1,0.275,0.381,0.507,0.888
Willson Contreras,STL,C,30,21,69,11,19,6,0,2,10,2,0,10,15,0,0,1,0.275,0.375,0.449,0.824
Javier Baez,DET,SS,30,19,69,5,14,3,0,0,8,2,0,5,15,0,1,0,0.203,0.253,0.246,0.499
Jarred Kelenic,SEA,OF,23,20,69,10,22,6,0,6,13,3,0,7,20,0,1,0,0.319,0.377,0.667,1.044
Anthony Volpe,NYY,SS,21,22,69,8,13,1,1,2,4,8,0,13,25,0,0,0,0.188,0.317,0.319,0.636
CJ Abrams,WAS,SS,22,20,68,7,15,3,2,1,8,3,1,6,17,1,0,2,0.221,0.303,0.368,0.671
Ezequiel Tovar,COL,SS,21,20,68,6,13,4,0,0,5,0,0,4,22,0,0,1,0.191,0.247,0.25,0.497
Nolan Gorman,STL,2B,22,20,67,7,21,5,0,6,22,1,2,10,20,0,1,0,0.313,0.397,0.657,1.054
Brendan Donovan,STL,2B,26,18,67,11,17,3,0,2,5,2,0,5,15,0,1,1,0.254,0.311,0.388,0.699
Isaac Paredes,TB,3B,24,20,67,10,14,1,0,3,11,0,0,3,16,0,0,4,0.209,0.284,0.358,0.642
Cal Raleigh,SEA,C,26,19,67,8,15,5,0,2,12,0,0,8,22,0,0,0,0.224,0.307,0.388,0.695
Oswaldo Cabrera,NYY,OF,24,19,67,5,15,3,0,1,6,4,0,2,19,0,1,0,0.224,0.243,0.313,0.556
Jon Berti,MIA,2B,33,21,67,9,15,3,0,2,7,4,0,4,13,1,1,0,0.224,0.264,0.358,0.622
Brandon Drury,LAA,3B,30,20,67,5,12,3,0,1,5,0,1,2,23,0,2,1,0.179,0.208,0.269,0.477
Jean Segura,MIA,2B,33,19,67,6,13,1,0,0,1,2,1,3,13,1,0,0,0.194,0.229,0.209,0.438
Tyler O'Neill,STL,OF,27,20,67,10,17,3,0,2,5,1,0,5,24,0,0,0,0.254,0.306,0.388,0.694
Elias Diaz,COL,C,32,21,66,7,22,5,0,2,11,0,0,4,15,0,0,1,0.333,0.38,0.5,0.88
Brandon Marsh,PHI,OF,25,21,66,14,24,6,4,4,13,1,0,11,22,0,0,0,0.364,0.455,0.758,1.213
Masataka Yoshida,BOS,OF,29,17,65,11,15,2,0,3,15,2,0,8,9,0,1,2,0.231,0.329,0.4,0.729
J.D. Davis,SF,3B,29,19,65,7,19,2,0,4,13,0,0,3,19,0,1,2,0.292,0.338,0.508,0.846
Josh Naylor,CLE,1B,25,19,65,4,12,0,0,2,9,1,0,8,12,0,2,0,0.185,0.267,0.277,0.544
DJ LeMahieu,NYY,3B,34,18,64,12,18,6,1,2,8,0,1,6,20,0,0,2,0.281,0.361,0.5,0.861
Yasmani Grandal,CWS,C,34,19,64,6,18,7,0,2,7,0,0,7,17,0,0,1,0.281,0.361,0.484,0.845
Spencer Steer,CIN,3B,25,19,64,9,18,4,0,2,7,1,0,10,17,0,1,1,0.281,0.382,0.438,0.82
Shea Langeliers,OAK,DH,25,19,64,9,15,2,0,4,10,0,0,4,19,0,0,3,0.234,0.31,0.453,0.763
Brice Turang,MIL,SS,23,21,64,8,15,1,0,2,9,3,1,5,21,0,0,0,0.234,0.29,0.344,0.634
Alek Thomas,ARI,OF,22,21,64,9,12,3,1,2,6,2,1,5,12,0,0,1,0.188,0.257,0.359,0.616
Joey Wiemer,MIL,OF,24,21,64,7,14,4,0,1,5,3,1,9,15,0,0,0,0.219,0.315,0.328,0.643
Ji Hwan Bae,PIT,OF,23,21,63,11,13,2,0,2,8,5,1,5,19,1,0,1,0.206,0.275,0.333,0.608
Wilmer Flores,SF,3B,31,18,63,10,18,3,0,3,7,0,0,4,10,0,0,0,0.286,0.328,0.476,0.804
Brandon Lowe,TB,2B,28,19,63,17,16,1,0,6,15,1,0,11,21,0,0,0,0.254,0.365,0.556,0.921
J.P. Crawford,SEA,SS,28,22,63,13,15,6,0,0,3,0,0,15,17,1,0,0,0.238,0.385,0.333,0.718
Victor Robles,WAS,OF,25,20,62,8,18,3,1,0,5,3,0,6,10,3,0,2,0.29,0.371,0.371,0.742
Jason Vosler,CIN,3B,29,20,62,6,10,2,1,3,10,0,0,3,25,0,0,0,0.161,0.2,0.371,0.571
Triston Casas,BOS,1B,23,21,62,9,8,3,0,2,7,0,0,13,23,0,1,0,0.129,0.276,0.274,0.55
Nick Maton,DET,OF,26,19,62,6,8,2,0,3,9,0,0,9,18,0,0,0,0.129,0.239,0.306,0.545
Kyle Isbel,KC,OF,26,17,61,5,11,5,0,0,5,2,0,2,14,0,0,1,0.18,0.219,0.262,0.481
Miguel Vargas,LAD,1B,23,21,61,9,13,3,1,0,4,0,0,14,16,0,1,1,0.213,0.364,0.295,0.659
William Contreras,MIL,C,25,17,61,4,19,4,0,0,4,0,0,8,12,0,0,0,0.311,0.391,0.377,0.768
Jake Fraley,CIN,OF,27,20,61,5,12,2,0,1,10,3,1,11,15,0,1,0,0.197,0.315,0.279,0.594
Adam Frazier,BAL,2B,31,21,61,12,13,3,0,2,8,3,1,8,9,0,0,0,0.213,0.304,0.361,0.665
Brandon Crawford,SF,SS,36,17,61,5,10,1,0,3,9,2,0,7,19,0,0,0,0.164,0.25,0.328,0.578
Kevin Kiermaier,TOR,OF,33,18,61,7,18,3,1,1,6,1,0,2,15,1,0,0,0.295,0.317,0.426,0.743
Sean Murphy,ATL,C,28,18,60,12,15,7,0,5,15,0,0,15,18,0,0,2,0.25,0.416,0.617,1.033
David Villar,SF,3B,26,19,60,9,10,3,0,3,10,1,1,8,23,0,1,2,0.167,0.282,0.367,0.649
Gunnar Henderson,BAL,3B,21,19,60,13,11,3,0,1,3,1,0,15,26,0,0,1,0.183,0.355,0.283,0.638
Alec Burleson,STL,OF,24,17,60,7,16,4,1,2,7,0,0,4,9,0,0,1,0.267,0.323,0.467,0.79
Oscar Colas,CWS,OF,24,20,60,7,14,1,0,1,6,2,1,5,16,1,0,1,0.233,0.303,0.3,0.603
Jake McCarthy,ARI,OF,25,21,60,8,9,1,1,1,3,2,1,4,11,0,0,2,0.15,0.227,0.25,0.477
Matt Vierling,DET,OF,26,17,60,5,14,3,0,1,4,2,3,4,18,0,0,0,0.233,0.281,0.333,0.614
Alex Call,WAS,OF,28,19,60,10,12,1,0,1,9,1,2,11,14,0,2,1,0.2,0.324,0.267,0.591
Gabriel Moreno,ARI,C,23,18,59,3,17,4,0,1,12,0,0,1,13,0,1,0,0.288,0.295,0.407,0.702
Edward Olivares,KC,OF,27,17,59,5,14,1,1,1,5,1,0,2,14,0,0,1,0.237,0.274,0.339,0.613
Harold Ramirez,TB,OF,28,17,59,11,22,3,1,5,10,0,0,4,10,0,0,1,0.373,0.422,0.712,1.134
Manuel Margot,TB,OF,28,20,58,7,11,2,0,2,6,2,1,3,10,0,2,1,0.19,0.234,0.328,0.562
Luis Rengifo,LAA,2B,26,19,58,10,11,1,0,1,6,1,1,10,16,0,0,1,0.19,0.319,0.259,0.578
Whit Merrifield,TOR,2B,34,16,58,7,18,5,0,0,7,2,1,4,12,0,2,1,0.31,0.354,0.397,0.751
Jesus Aguilar,OAK,1B,32,18,58,3,14,2,0,2,5,0,0,4,16,0,1,1,0.241,0.297,0.379,0.676
Luis Garcia,WAS,2B,22,16,58,5,13,1,0,2,7,0,1,4,7,0,1,0,0.224,0.27,0.345,0.615
Garrett Mitchell,MIL,OF,24,16,58,9,15,1,1,3,6,1,0,4,24,0,0,0,0.259,0.306,0.466,0.772
Rodolfo Castro,PIT,2B,23,22,58,7,15,3,0,2,8,0,0,8,18,0,0,3,0.259,0.377,0.414,0.791
Kolten Wong,SEA,2B,32,18,57,8,8,0,0,0,3,0,1,6,14,0,1,1,0.14,0.231,0.14,0.371
Eddie Rosario,ATL,OF,31,18,57,5,10,3,0,1,1,0,0,2,16,0,0,0,0.175,0.203,0.281,0.484
Jace Peterson,OAK,3B,32,19,57,5,11,2,0,1,7,2,0,9,16,0,1,0,0.193,0.299,0.281,0.58
Donovan Solano,MIN,2B,35,18,56,5,16,4,0,0,3,0,0,3,12,0,0,3,0.286,0.355,0.357,0.712
Connor Joe,PIT,OF,30,18,56,13,20,6,2,2,8,1,1,8,13,0,0,2,0.357,0.455,0.643,1.098
Michael Massey,KC,2B,25,18,56,3,8,1,0,0,4,1,0,0,22,0,2,0,0.143,0.138,0.161,0.299
Kerry Carpenter,DET,OF,25,16,55,6,12,4,0,3,5,0,0,5,15,0,0,1,0.218,0.295,0.455,0.75
Josh Lowe,TB,OF,25,16,55,12,19,7,0,4,15,4,0,4,9,0,0,0,0.345,0.39,0.691,1.081
Corey Julks,HOU,OF,27,16,55,10,18,3,0,2,7,0,2,1,18,0,1,0,0.327,0.333,0.491,0.824
Ramon Laureano,OAK,OF,28,15,55,5,12,4,1,2,4,2,0,5,16,0,0,1,0.218,0.295,0.436,0.731
Oscar Gonzalez,CLE,OF,25,18,55,5,10,1,1,1,3,0,0,2,12,0,0,0,0.182,0.211,0.291,0.502
Avisail Garcia,MIA,OF,31,17,55,5,9,1,0,2,5,1,0,2,18,0,0,1,0.164,0.207,0.291,0.498
Eduardo Escobar,NYM,3B,34,16,55,6,8,2,0,2,8,0,0,3,14,1,1,0,0.145,0.186,0.291,0.477
Eric Hosmer,CHC,1B,33,18,54,6,13,3,0,1,11,0,0,5,11,0,0,0,0.241,0.305,0.352,0.657
Jake Cave,PHI,OF,30,17,54,3,10,2,0,1,7,3,0,6,13,0,1,0,0.185,0.262,0.278,0.54
Ramon Urias,BAL,3B,28,17,54,7,12,4,0,1,7,0,0,5,19,0,0,4,0.222,0.333,0.352,0.685
Jonah Heim,TEX,C,27,16,54,12,17,3,0,4,16,0,0,8,12,0,1,1,0.315,0.406,0.593,0.999
Christian Arroyo,BOS,2B,27,18,53,5,10,3,0,0,3,1,0,2,13,1,0,0,0.189,0.218,0.245,0.463
Michael Conforto,SF,OF,30,17,53,12,11,0,0,4,9,1,0,11,21,0,0,1,0.208,0.354,0.434,0.788
Eloy Jimenez,CWS,OF,26,14,53,6,11,3,0,2,7,0,0,5,18,0,0,0,0.208,0.276,0.377,0.653
Austin Nola,SD,C,33,17,53,0,7,2,0,0,2,0,0,7,17,0,0,0,0.132,0.233,0.17,0.403
Robbie Grossman,TEX,OF,33,17,53,9,11,1,0,2,10,0,0,7,15,0,2,1,0.208,0.302,0.34,0.642
Jose Barrero,CIN,SS,25,19,53,7,13,2,0,1,9,2,2,7,15,0,1,0,0.245,0.328,0.34,0.668
Logan O'Hoppe,LAA,C,23,16,53,5,15,2,0,4,13,0,0,4,15,0,1,1,0.283,0.339,0.547,0.886
Giancarlo Stanton,NYY,OF,33,13,52,7,14,3,0,4,11,0,0,2,11,0,0,0,0.269,0.296,0.558,0.854
Nelson Cruz,SD,DH,42,15,51,5,13,3,0,2,12,0,0,1,18,0,1,1,0.255,0.278,0.431,0.709
Yan Gomes,CHC,C,35,13,51,8,13,0,0,4,9,1,0,1,7,0,1,0,0.255,0.264,0.49,0.754
Marcell Ozuna,ATL,OF,32,16,51,3,4,1,0,2,2,0,0,7,15,0,0,0,0.078,0.19,0.216,0.406
LaMonte Wade,SF,OF,29,19,51,6,11,2,0,2,4,1,0,16,15,1,0,3,0.216,0.429,0.373,0.802
Elehuris Montero,COL,3B,24,16,51,7,13,3,0,1,5,0,0,2,21,0,0,1,0.255,0.296,0.373,0.669
Ryan Noda,OAK,1B,27,20,50,9,10,1,0,2,2,1,1,14,22,0,0,0,0.2,0.375,0.34,0.715
Jorge Mateo,BAL,SS,27,17,50,14,18,4,0,3,12,8,1,5,10,2,2,1,0.36,0.414,0.62,1.034
Martin Maldonado,HOU,C,36,16,50,4,8,1,0,1,3,0,0,5,15,1,0,0,0.16,0.236,0.24,0.476
Alejandro Kirk,TOR,C,24,17,49,5,12,1,0,1,9,0,0,11,10,0,1,1,0.245,0.387,0.327,0.714
Luke Raley,TB,OF,28,17,48,5,9,2,0,4,9,0,1,4,19,0,1,2,0.188,0.273,0.479,0.752
David Peralta,LAD,OF,35,20,48,3,10,1,0,1,6,0,1,2,10,0,1,0,0.208,0.235,0.292,0.527
Eric Haase,DET,C,30,15,48,1,12,2,0,0,3,1,0,3,13,0,0,0,0.25,0.294,0.292,0.586
Jesse Winker,MIL,OF,29,14,48,6,11,3,0,0,9,0,0,4,10,0,1,3,0.229,0.321,0.292,0.613
Hunter Dozier,KC,3B,31,15,48,4,9,0,0,1,5,1,0,1,17,0,0,0,0.188,0.204,0.25,0.454
Nick Gordon,MIN,OF,27,18,48,6,5,2,0,0,0,0,0,1,4,0,0,0,0.104,0.122,0.146,0.268
Connor Wong,BOS,C,26,18,47,6,9,4,0,0,6,0,0,3,13,0,0,1,0.191,0.255,0.277,0.532
Tim Anderson,CWS,SS,29,11,47,9,14,5,0,0,4,5,0,2,10,0,0,0,0.298,0.327,0.404,0.731
Christian Vazquez,MIN,C,32,15,47,6,14,3,0,0,4,0,0,6,13,0,0,0,0.298,0.377,0.362,0.739
Conner Capel,OAK,OF,25,19,47,3,14,3,0,0,3,4,2,4,17,0,0,0,0.298,0.353,0.362,0.715
Jack Suwinski,PIT,OF,24,16,47,7,12,3,0,5,12,2,0,11,17,0,2,0,0.255,0.383,0.638,1.021
Jake Meyers,HOU,OF,26,18,47,5,13,2,0,1,6,0,1,5,14,0,0,0,0.277,0.346,0.383,0.729
Anthony Rendon,LAA,3B,32,14,46,6,10,1,0,0,9,0,0,9,6,0,3,1,0.217,0.339,0.239,0.578
Brandon Belt,TOR,1B,35,13,46,3,8,4,0,1,5,0,0,4,23,0,0,0,0.174,0.24,0.326,0.566
Nick Ahmed,ARI,SS,33,14,46,5,14,3,0,1,7,3,0,0,8,0,0,0,0.304,0.304,0.435,0.739
Orlando Arcia,ATL,2B,28,13,45,10,15,2,0,2,7,0,0,4,10,0,0,1,0.333,0.4,0.511,0.911
Chris Taylor,LAD,OF,32,16,45,6,5,0,0,4,7,1,0,5,21,0,1,0,0.111,0.196,0.378,0.574
Kevin Newman,CIN,SS,29,14,45,5,9,1,0,2,7,0,0,1,8,0,1,1,0.2,0.229,0.356,0.585
Geraldo Perdomo,ARI,SS,23,17,45,11,16,5,1,1,11,1,0,5,12,2,0,1,0.356,0.431,0.578,1.009
David Hensley,HOU,DH,27,15,45,7,7,0,0,0,2,1,0,7,17,0,0,0,0.156,0.269,0.156,0.425
Will Brennan,CLE,OF,25,18,44,6,11,4,0,0,8,1,0,3,7,0,1,1,0.25,0.306,0.341,0.647
Blake Sabol,SF,C,25,15,44,4,9,0,0,3,6,1,0,1,20,0,0,2,0.205,0.255,0.409,0.664
Dylan Carlson,STL,OF,24,15,44,5,9,3,0,0,3,1,0,3,11,0,0,0,0.205,0.255,0.273,0.528
Brent Rooker,OAK,OF,28,15,44,6,14,1,0,4,11,0,0,8,9,0,1,0,0.318,0.415,0.614,1.029
Jose Trevino,NYY,C,30,13,44,4,9,2,0,1,7,0,0,2,8,0,0,0,0.205,0.239,0.318,0.557
Mike Zunino,CLE,C,32,15,44,6,11,6,0,1,4,0,0,10,19,0,0,1,0.25,0.4,0.455,0.855
Christian Bethancourt,TB,C,31,13,44,10,12,4,0,4,7,0,0,5,12,0,0,0,0.273,0.347,0.636,0.983
Franchy Cordero,NYY,OF,28,14,43,6,8,1,0,4,11,0,0,2,13,0,0,0,0.186,0.222,0.488,0.71
Franmil Reyes,KC,DH,27,14,42,5,11,0,0,2,6,0,0,4,18,0,1,0,0.262,0.319,0.405,0.724
Rob Refsnyder,BOS,OF,32,17,42,7,9,1,0,1,8,0,0,8,11,0,0,1,0.214,0.353,0.31,0.663
Matt Carpenter,SD,DH,37,18,42,5,10,4,0,3,13,0,0,9,14,0,1,1,0.238,0.377,0.548,0.925
Nicky Lopez,KC,SS,28,19,42,5,7,3,1,0,5,1,0,7,10,1,0,2,0.167,0.314,0.286,0.6
Taylor Walls,TB,SS,26,14,42,16,14,3,1,3,8,2,0,7,8,0,0,1,0.333,0.44,0.667,1.107
Kevin Smith,OAK,3B,26,13,41,3,7,1,0,0,2,1,0,0,16,1,0,0,0.171,0.171,0.195,0.366
Nick Madrigal,CHC,2B,26,16,41,5,12,2,1,0,4,2,2,2,2,0,0,0,0.293,0.326,0.39,0.716
Tomas Nido,NYM,C,29,14,41,4,5,0,0,0,1,0,0,2,13,0,1,0,0.122,0.159,0.122,0.281
Edmundo Sosa,PHI,SS,27,16,41,2,13,3,0,2,6,0,1,1,14,0,1,1,0.317,0.341,0.537,0.878
Yu Chang,BOS,3B,27,16,41,5,6,0,0,3,8,1,0,1,11,1,0,1,0.146,0.186,0.366,0.552
Sam Hilliard,ATL,OF,29,16,41,8,13,4,0,1,2,3,0,6,20,0,0,0,0.317,0.404,0.488,0.892
Danny Jansen,TOR,C,28,14,40,2,6,1,0,1,8,0,0,5,10,0,0,0,0.15,0.244,0.25,0.494
Tommy Pham,NYM,OF,35,17,40,3,9,1,0,2,7,2,0,6,8,0,1,0,0.225,0.319,0.4,0.719
Daniel Vogelbach,NYM,DH,30,17,40,5,10,2,0,1,8,0,0,11,10,0,0,0,0.25,0.412,0.375,0.787
Max Kepler,MIN,OF,30,12,40,5,7,3,0,2,4,0,0,2,9,0,1,2,0.175,0.244,0.4,0.644
Chas McCormick,HOU,OF,28,11,40,7,11,3,0,2,9,4,0,6,12,1,0,1,0.275,0.383,0.5,0.883
Nick Fortes,MIA,C,26,14,39,3,7,0,0,1,3,0,0,2,12,0,0,0,0.179,0.22,0.256,0.476
Zach McKinstry,DET,2B,27,15,39,6,10,3,0,2,4,2,1,3,12,1,0,0,0.256,0.31,0.487,0.797
Will Smith,LAD,C,28,11,39,9,13,3,0,3,12,0,0,7,4,0,2,0,0.333,0.417,0.641,1.058
Jake Burger,CWS,3B,27,14,39,6,9,3,0,5,10,0,0,5,16,0,1,1,0.231,0.326,0.692,1.018
Travis Jankowski,TEX,OF,31,15,39,9,13,3,1,0,5,3,1,6,7,0,0,0,0.333,0.422,0.462,0.884
Jason Heyward,LAD,OF,33,17,39,7,7,1,0,3,5,0,0,6,9,0,1,0,0.179,0.283,0.436,0.719
Josh Harrison,PHI,2B,35,16,39,4,9,1,0,1,5,0,0,1,9,0,0,2,0.231,0.286,0.333,0.619
AJ Pollock,SEA,OF,35,13,39,2,5,2,0,2,8,0,0,3,12,0,1,0,0.128,0.186,0.333,0.519
Corey Seager,TEX,SS,28,11,39,7,14,4,0,1,4,0,0,9,7,0,1,0,0.359,0.469,0.538,1.007
Yoan Moncada,CWS,3B,27,9,39,4,12,4,0,2,5,0,0,1,10,0,0,0,0.308,0.325,0.564,0.889
Luis Guillorme,NYM,2B,28,16,38,7,10,1,0,0,2,0,0,7,7,0,0,0,0.263,0.378,0.289,0.667
Jake Lamb,LAA,OF,32,13,38,3,8,1,0,0,2,0,0,3,10,0,0,0,0.211,0.268,0.237,0.505
Evan Longoria,ARI,3B,37,12,38,7,10,2,0,2,4,0,0,3,9,0,1,0,0.263,0.31,0.474,0.784
Kevin Pillar,ATL,OF,34,12,38,3,8,1,0,1,3,0,0,2,12,0,0,0,0.211,0.25,0.316,0.566
Harold Castro,COL,2B,29,15,38,3,6,0,0,0,5,0,0,0,8,0,2,0,0.158,0.15,0.158,0.308
Alan Trejo,COL,SS,26,17,38,2,9,3,0,0,3,0,0,1,9,1,0,0,0.237,0.256,0.316,0.572
Ezequiel Duran,TEX,3B,23,14,38,4,10,2,0,1,6,0,1,1,12,0,0,0,0.263,0.282,0.395,0.677
Josh Smith,TEX,OF,25,18,37,8,6,0,0,0,0,0,0,8,14,1,0,6,0.162,0.392,0.162,0.554
Miguel Cabrera,DET,DH,40,11,37,0,7,3,0,0,3,0,0,2,9,0,0,0,0.189,0.231,0.27,0.501
Luke Voit,MIL,1B,32,10,37,5,10,1,0,0,4,1,0,1,11,0,0,0,0.27,0.289,0.297,0.586
Trayce Thompson,LAD,OF,32,15,37,7,7,0,0,4,11,0,0,5,18,0,0,1,0.189,0.302,0.514,0.816
Jose Azocar,SD,OF,26,18,37,6,9,2,0,0,1,4,0,1,7,2,0,0,0.243,0.263,0.297,0.56
Yuli Gurriel,MIA,1B,38,10,36,3,10,1,0,1,3,0,0,3,5,0,0,0,0.278,0.333,0.389,0.722
Reese McGuire,BOS,C,28,14,36,4,13,4,0,0,4,0,0,1,10,0,0,0,0.361,0.378,0.472,0.85
Cavan Biggio,TOR,2B,28,13,36,4,4,0,0,1,1,1,0,3,14,0,0,1,0.111,0.2,0.194,0.394
Joc Pederson,SF,OF,31,11,36,4,9,2,1,2,10,0,0,7,13,0,1,0,0.25,0.364,0.528,0.892
Gabriel Arias,CLE,3B,23,15,36,1,6,1,0,1,1,0,1,4,18,0,0,0,0.167,0.25,0.278,0.528
Akil Baddoo,DET,OF,24,13,36,4,8,1,0,0,0,2,0,5,11,1,0,0,0.222,0.317,0.25,0.567
Santiago Espinal,TOR,2B,28,13,35,3,4,0,0,1,4,0,1,2,4,0,0,1,0.114,0.184,0.2,0.384
Jacob Stallings,MIA,C,33,11,35,3,5,3,0,0,2,0,0,4,12,0,0,0,0.143,0.231,0.229,0.46
Brad Miller,TEX,OF,33,12,35,5,7,1,0,1,4,0,0,6,5,0,0,0,0.2,0.317,0.314,0.631
Stuart Fairchild,CIN,OF,27,19,35,8,7,1,1,1,4,1,2,7,14,1,1,2,0.2,0.356,0.371,0.727
Jason Delay,PIT,C,28,11,35,4,11,3,0,1,4,0,0,3,5,0,0,0,0.314,0.368,0.486,0.854
Matt Duffy,KC,3B,32,13,35,4,13,2,0,1,4,0,0,2,8,0,0,0,0.371,0.405,0.514,0.919
Joey Gallo,MIN,OF,29,12,34,7,8,1,0,5,11,0,0,6,13,0,0,0,0.235,0.35,0.706,1.056
Seiya Suzuki,CHC,OF,28,9,34,5,11,1,0,1,6,0,1,6,11,0,0,1,0.324,0.439,0.441,0.88
Isiah Kiner-Falefa,NYY,SS,28,16,34,3,6,0,0,0,2,3,0,2,4,0,0,0,0.176,0.222,0.176,0.398
Leody Taveras,TEX,OF,24,10,34,8,9,3,1,0,4,1,1,1,6,0,0,1,0.265,0.306,0.412,0.718
Lenyn Sosa,CWS,2B,23,11,34,2,5,1,0,1,2,0,0,1,8,0,0,0,0.147,0.171,0.265,0.436
Vaughn Grissom,ATL,2B,22,9,33,0,9,1,0,0,3,0,1,1,4,0,0,1,0.273,0.314,0.303,0.617
Francisco Mejia,TB,C,27,11,33,6,8,2,0,0,4,0,0,4,11,0,1,0,0.242,0.316,0.303,0.619
Nick Senzel,CIN,OF,27,10,33,5,5,1,0,0,2,1,0,3,8,0,0,0,0.152,0.222,0.182,0.404
Gavin Sheets,CWS,OF,27,13,33,5,10,0,0,2,7,0,0,6,5,0,0,0,0.303,0.41,0.485,0.895
Adam Duvall,BOS,OF,34,8,33,11,15,5,1,4,14,0,0,3,5,0,0,1,0.455,0.514,1.03,1.544
Mike Moustakas,COL,3B,34,15,33,6,6,3,0,1,7,0,0,7,13,0,3,0,0.182,0.302,0.364,0.666
Travis d'Arnaud,ATL,C,34,8,33,3,11,3,0,0,5,0,0,0,5,0,0,0,0.333,0.333,0.424,0.757
Miguel Rojas,LAD,SS,34,11,32,1,4,1,0,0,0,0,0,3,6,0,0,0,0.125,0.2,0.156,0.356
Jonathan Schoop,DET,2B,31,13,32,2,6,0,0,0,0,0,0,4,8,0,0,0,0.188,0.278,0.188,0.466
Austin Barnes,LAD,C,33,11,32,3,2,0,0,0,0,1,0,3,9,0,0,0,0.063,0.143,0.063,0.206
Ji-Man Choi,PIT,1B,31,9,32,3,4,1,0,2,2,0,0,0,15,0,0,0,0.125,0.125,0.344,0.469
Canaan Smith-Njigba,PIT,OF,23,14,32,3,4,1,1,0,5,1,0,4,16,0,1,0,0.125,0.216,0.219,0.435
Oneil Cruz,PIT,SS,24,9,32,7,8,1,0,1,4,3,0,7,8,0,1,0,0.25,0.375,0.375,0.75
Mike Brosseau,MIL,3B,29,12,31,2,7,2,0,2,6,0,0,4,8,0,0,0,0.226,0.314,0.484,0.798
Jackie Bradley,KC,OF,33,14,31,3,4,1,0,0,1,0,0,3,8,0,0,1,0.129,0.229,0.161,0.39
Kyle Farmer,MIN,SS,32,11,31,6,7,1,0,1,5,0,0,2,11,0,1,1,0.226,0.286,0.355,0.641
Jake Rogers,DET,C,28,12,31,4,8,2,0,2,5,0,1,6,12,0,0,1,0.258,0.395,0.516,0.911
Austin Hedges,PIT,C,30,11,30,3,5,1,0,0,2,1,0,2,6,3,0,0,0.167,0.219,0.2,0.419
Rougned Odor,SD,2B,29,13,30,3,3,2,0,0,2,0,0,4,11,0,0,0,0.1,0.206,0.167,0.373
Kyle Higashioka,NYY,C,33,9,30,3,5,0,0,2,4,0,0,1,13,0,0,0,0.167,0.194,0.367,0.561
Seth Brown,OAK,OF,30,8,30,2,6,2,0,1,2,1,0,2,8,0,0,0,0.2,0.25,0.367,0.617
Joey Bart,SF,C,26,11,30,4,9,1,0,0,0,0,0,1,8,0,0,3,0.3,0.382,0.333,0.715
Zach Neto,LAA,SS,22,9,30,2,6,2,0,0,1,0,0,0,7,0,0,5,0.2,0.314,0.267,0.581
Mark Mathias,PIT,DH,28,8,28,3,8,1,0,0,4,1,0,3,6,0,0,0,0.286,0.355,0.321,0.676
Owen Miller,MIL,2B,26,12,28,3,8,2,0,0,2,3,0,1,5,0,0,0,0.286,0.31,0.357,0.667
Ryan Jeffers,MIN,C,25,9,28,5,9,2,1,1,3,0,0,3,10,0,0,1,0.321,0.406,0.571,0.977
Pavin Smith,ARI,OF,27,11,28,7,9,3,0,2,10,0,0,7,8,0,0,0,0.321,0.457,0.643,1.1
Stone Garrett,WAS,OF,27,8,28,6,11,3,0,1,5,0,0,3,8,0,0,0,0.393,0.452,0.607,1.059
Willi Castro,MIN,2B,25,14,27,4,5,2,0,1,3,0,1,1,7,0,0,2,0.185,0.267,0.37,0.637
Jesus Sanchez,MIA,OF,25,14,27,2,4,2,0,0,0,2,0,6,10,0,0,1,0.148,0.324,0.222,0.546
Edouard Julien,MIN,2B,23,8,27,4,6,0,0,2,4,0,0,1,9,1,0,1,0.222,0.276,0.444,0.72
Seby Zavala,CWS,C,29,10,27,4,6,1,0,1,2,1,0,1,7,0,0,0,0.222,0.25,0.37,0.62
Francisco Alvarez,NYM,DH,21,8,27,2,4,0,0,1,2,0,0,0,9,0,0,0,0.148,0.148,0.259,0.407
Romy Gonzalez,CWS,2B,26,14,26,1,3,0,0,0,0,1,0,0,10,0,0,0,0.115,0.115,0.115,0.23
Heliot Ramos,SF,OF,23,9,26,1,5,2,0,0,1,0,0,1,8,0,0,0,0.192,0.222,0.269,0.491
Garrett Hampson,MIA,2B,28,11,26,4,7,2,0,1,4,2,0,1,10,0,0,1,0.269,0.321,0.462,0.783
Tom Murphy,SEA,C,32,8,26,0,2,1,0,0,0,0,0,0,11,0,0,0,0.077,0.077,0.115,0.192
Carlos Perez,OAK,C,32,13,26,3,10,1,0,1,4,0,0,1,6,0,1,1,0.385,0.414,0.538,0.952
Tucker Barnhart,CHC,C,32,10,25,1,5,0,0,0,1,0,0,1,8,0,1,1,0.2,0.25,0.2,0.45
Bubba Thompson,TEX,OF,24,13,25,4,4,3,1,0,3,0,0,0,6,1,0,0,0.16,0.16,0.36,0.52
Lars Nootbaar,STL,OF,25,8,25,7,7,0,0,2,4,1,0,11,8,0,0,0,0.28,0.5,0.52,1.02
Nate Eaton,KC,OF,26,12,25,1,1,0,0,0,0,2,0,0,13,0,0,0,0.04,0.04,0.04,0.08
Aaron Hicks,NYY,OF,33,11,24,2,3,0,0,0,1,0,0,3,9,0,0,0,0.125,0.222,0.125,0.347
Victor Caratini,MIL,C,29,8,24,2,7,0,0,0,1,0,0,3,5,0,0,1,0.292,0.393,0.292,0.685
Darin Ruf,SF,OF,36,9,23,1,6,2,0,0,3,0,0,4,9,0,0,0,0.261,0.37,0.348,0.718
Jarren Duran,BOS,OF,26,7,23,4,9,4,0,0,6,2,0,3,9,0,2,0,0.391,0.429,0.565,0.994
Cooper Hummel,SEA,OF,28,10,23,2,2,1,0,0,0,1,0,2,9,0,0,1,0.087,0.192,0.13,0.322
Michael Harris,ATL,OF,22,7,23,3,5,1,0,0,1,2,0,2,5,0,0,0,0.217,0.28,0.261,0.541
Yainer Diaz,HOU,DH,24,8,22,5,5,2,0,0,2,0,0,1,5,0,2,1,0.227,0.269,0.318,0.587
Terrin Vavra,BAL,2B,25,13,22,4,4,0,0,0,0,0,0,3,8,1,0,0,0.182,0.28,0.182,0.462
Raimel Tapia,BOS,OF,29,15,22,4,4,0,0,1,4,0,0,3,7,0,0,0,0.182,0.28,0.318,0.598
Curt Casali,CIN,C,34,9,22,1,5,0,0,0,0,0,0,2,5,0,0,0,0.227,0.292,0.227,0.519
Jose Siri,TB,OF,27,6,22,5,7,2,0,2,8,1,0,1,7,0,1,0,0.318,0.333,0.682,1.015
Willie Calhoun,NYY,OF,28,7,22,1,3,1,0,0,1,0,0,2,6,0,0,0,0.136,0.208,0.182,0.39
Jose Herrera,ARI,C,26,8,22,2,5,0,0,0,2,1,0,3,8,0,0,0,0.227,0.32,0.227,0.547
Austin Meadows,DET,OF,27,6,21,0,5,1,0,0,2,0,0,0,3,0,0,0,0.238,0.238,0.286,0.524
James McCann,BAL,C,32,7,21,2,3,1,0,1,2,0,0,0,4,0,0,0,0.143,0.143,0.333,0.476
Luis Campusano,SD,C,24,7,21,3,5,1,0,1,2,0,0,0,6,0,1,0,0.238,0.227,0.429,0.656
Brett Baty,NYM,3B,23,6,21,1,5,0,0,0,2,0,0,1,6,0,0,0,0.238,0.273,0.238,0.511
Bryce Johnson,SF,OF,27,10,20,2,3,0,0,1,1,0,0,0,10,0,0,0,0.15,0.15,0.3,0.45
Miles Mastrobuoni,CHC,2B,27,8,20,1,4,1,0,0,1,1,0,0,6,0,0,0,0.2,0.2,0.25,0.45
Will Benson,CIN,OF,24,8,20,0,1,0,0,0,0,0,0,1,12,0,0,0,0.05,0.095,0.05,0.145
Cristian Pache,PHI,OF,24,16,20,2,6,2,0,1,3,0,0,0,6,1,0,0,0.3,0.3,0.55,0.85
Luis Torrens,CHC,C,26,13,20,1,5,1,0,0,3,0,0,1,8,0,0,1,0.25,0.318,0.3,0.618
Vidal Brujan,TB,2B,25,11,20,5,5,0,0,0,3,0,1,0,7,0,0,1,0.25,0.286,0.25,0.536
Andrew Knizner,STL,C,28,7,20,2,3,0,0,0,0,0,0,1,7,1,0,0,0.15,0.19,0.15,0.34
Mitch Garver,TEX,DH,32,6,19,4,5,0,0,2,6,0,0,3,7,0,0,0,0.263,0.364,0.579,0.943
Hanser Alberto,CWS,2B,30,8,19,3,4,0,0,1,4,0,0,0,2,0,0,0,0.211,0.211,0.368,0.579
Kody Clemens,PHI,3B,26,8,19,2,2,0,0,1,1,0,0,1,7,0,0,0,0.105,0.15,0.263,0.413
Darick Hall,PHI,DH,27,6,18,1,4,1,0,0,1,0,0,1,2,0,0,0,0.222,0.263,0.278,0.541
Ryan Kreidler,DET,SS,25,11,18,2,2,0,0,0,0,0,0,0,7,0,0,0,0.111,0.111,0.111,0.222
Fernando Tatis,SD,OF,24,4,18,2,3,0,0,1,1,0,0,1,4,0,0,0,0.167,0.211,0.333,0.544
Taylor Motter,STL,SS,33,7,18,0,4,2,0,0,1,0,0,2,8,0,0,0,0.222,0.3,0.333,0.633
Cam Gallagher,CLE,C,30,8,18,0,2,1,0,0,2,0,0,2,6,0,0,1,0.111,0.238,0.167,0.405
Kyle Lewis,ARI,DH,27,6,18,1,3,1,0,1,2,0,0,0,9,0,0,0,0.167,0.167,0.389,0.556
Brian Serven,COL,C,27,8,18,0,3,1,0,0,1,0,0,0,6,0,0,0,0.167,0.167,0.222,0.389
Sam Haggerty,SEA,OF,28,8,17,1,2,0,0,0,0,3,0,2,2,0,0,0,0.118,0.211,0.118,0.329
Luke Maile,CIN,C,32,8,17,1,3,0,0,0,0,0,0,1,9,0,0,0,0.176,0.222,0.176,0.398
Tucupita Marcano,PIT,OF,23,9,17,1,5,2,1,0,1,0,0,2,3,0,0,0,0.294,0.368,0.529,0.897
Ryan McKenna,BAL,OF,26,14,17,2,3,1,0,0,2,1,0,1,7,0,1,1,0.176,0.25,0.235,0.485
Tyler Nevin,DET,3B,25,6,16,0,1,0,0,0,1,0,0,2,5,0,1,1,0.063,0.2,0.063,0.263
Nick Allen,OAK,SS,24,8,16,2,1,0,0,0,0,0,0,1,2,0,0,0,0.063,0.118,0.063,0.181
Josh Donaldson,NYY,3B,37,5,16,2,2,0,0,1,1,0,0,1,6,0,0,0,0.125,0.176,0.313,0.489
Tommy La Stella,SEA,DH,34,9,16,2,3,1,0,0,2,0,0,2,4,0,0,0,0.188,0.278,0.25,0.528
David Fletcher,LAA,2B,28,8,16,0,2,0,0,0,1,0,0,0,3,0,0,0,0.125,0.125,0.125,0.25
Edwin Rios,CHC,1B,29,9,16,2,1,0,0,1,2,0,0,4,7,0,0,0,0.063,0.25,0.25,0.5
Michael Chavis,WAS,2B,27,7,16,1,4,0,0,0,1,0,0,2,5,0,0,0,0.25,0.333,0.25,0.583
Matt Thaiss,LAA,C,27,7,16,4,2,0,0,1,2,0,0,2,7,0,0,2,0.125,0.3,0.313,0.613
Roberto Perez,SF,C,34,5,15,0,2,0,0,0,1,0,0,2,6,0,0,0,0.133,0.235,0.133,0.368
Oswald Peraza,NYY,SS,22,6,15,3,3,0,0,0,2,1,0,3,3,0,0,1,0.2,0.368,0.2,0.568
Brett Wisely,SF,2B,23,7,14,0,1,0,0,0,1,0,0,0,6,0,0,0,0.071,0.071,0.071,0.142
Omar Narvaez,NYM,C,31,5,14,1,4,0,0,0,2,0,0,2,2,0,1,0,0.286,0.353,0.286,0.639
Eli White,ATL,OF,28,6,14,1,1,0,0,0,0,0,0,2,7,0,0,1,0.071,0.235,0.071,0.306
Garrett Stubbs,PHI,C,29,5,14,2,2,0,0,0,0,0,0,1,5,0,0,1,0.143,0.25,0.143,0.393
Jorge Polanco,MIN,2B,29,3,13,2,5,1,0,1,2,0,0,0,2,0,0,0,0.385,0.385,0.692,1.077
Ildemaro Vargas,WAS,3B,31,7,12,2,1,0,0,0,0,0,0,1,1,0,0,0,0.083,0.154,0.083,0.237
Riley Adams,WAS,C,26,3,12,1,2,0,0,0,0,0,0,1,2,1,0,0,0.167,0.231,0.167,0.398
Brandon Dixon,SD,3B,31,5,12,1,2,0,0,0,0,0,0,0,8,0,0,0,0.167,0.167,0.167,0.334
Juan Yepez,STL,OF,25,3,12,1,4,0,0,1,1,0,0,0,0,0,0,0,0.333,0.333,0.583,0.916
Jordan Diaz,OAK,2B,22,4,11,3,4,1,0,1,3,0,0,0,2,0,0,0,0.364,0.364,0.727,1.091
Jose Caballero,SEA,2B,26,4,11,1,2,1,0,0,0,1,0,1,1,0,0,0,0.182,0.25,0.273,0.523
Luke Williams,LAD,OF,26,4,10,0,1,0,0,0,0,1,0,0,3,0,0,0,0.1,0.1,0.1,0.2
Tyler Wade,OAK,3B,28,8,10,1,1,0,0,0,0,3,0,2,6,0,0,0,0.1,0.25,0.1,0.35
David Dahl,SD,OF,29,4,9,1,1,0,0,1,1,0,0,0,2,0,0,0,0.111,0.111,0.444,0.555
Tyler Heineman,PIT,C,31,3,9,1,1,0,0,0,0,1,0,1,1,0,0,0,0.111,0.2,0.111,0.311
Bobby Dalbec,BOS,1B,27,4,9,0,2,0,0,0,0,1,0,2,5,0,0,0,0.222,0.364,0.222,0.586
Austin Wynns,LAD,C,32,4,8,0,1,1,0,0,2,0,0,1,4,0,0,0,0.125,0.222,0.25,0.472
Joey Wendle,MIA,3B,32,4,8,0,0,0,0,0,0,0,0,1,2,0,0,0,0,0.111,0,0.111
Matt Wallner,MIN,OF,25,6,8,1,0,0,0,0,0,0,1,1,4,0,0,2,0,0.273,0,0.273
Kyle Garlick,MIN,OF,31,3,7,1,1,0,0,1,1,0,0,0,2,0,0,0,0.143,0.143,0.571,0.714
Tyler Freeman,CLE,3B,23,2,7,1,2,1,0,0,0,0,0,1,0,0,0,0,0.286,0.375,0.429,0.804
Nick Pratto,KC,1B,24,2,7,0,1,0,0,0,0,0,0,0,4,0,0,0,0.143,0.143,0.143,0.286
Cesar Salazar,HOU,C,27,7,7,1,2,0,0,0,0,0,0,1,1,0,0,0,0.286,0.375,0.286,0.661
Tim Locastro,NYM,OF,30,11,7,3,0,0,0,0,0,4,0,0,2,0,0,3,0,0.3,0,0.3
Chadwick Tromp,ATL,C,28,2,7,0,0,0,0,0,0,0,0,0,5,0,0,0,0,0,0,0
Ryan O'Hearn,BAL,1B,29,4,7,0,3,1,0,0,5,0,0,2,1,0,1,0,0.429,0.5,0.571,1.071
Sandy Leon,TEX,C,34,4,7,2,2,0,0,0,3,0,0,1,3,0,0,1,0.286,0.444,0.286,0.73
Chad Wallach,LAA,C,31,2,6,1,1,0,0,1,2,0,0,0,2,0,0,0,0.167,0.167,0.667,0.834
Jordan Luplow,TOR,OF,29,4,6,1,0,0,0,0,0,0,0,1,4,0,0,0,0,0.143,0,0.143
Brett Sullivan,SD,C,29,2,6,0,0,0,0,0,0,0,0,0,1,0,0,0,0,0,0,0
Brett Phillips,LAA,OF,28,11,5,1,0,0,0,0,1,2,0,3,5,0,0,0,0,0.375,0,0.375
Matt Beaty,SF,1B,29,4,5,1,1,0,0,0,1,0,0,0,2,0,0,0,0.2,0.2,0.2,0.4
Blake Perkins,MIL,OF,26,4,5,1,1,0,0,0,0,0,0,0,2,2,0,0,0.2,0.2,0.2,0.4
Enmanuel Valdez,BOS,2B,24,1,4,0,2,0,0,0,0,0,0,0,1,0,0,0,0.5,0.5,0.5,1
Nelson Velazquez,CHC,OF,24,2,4,3,3,1,0,1,4,0,0,1,0,0,0,0,0.75,0.8,1.75,2.55
Kyle Stowers,BAL,OF,25,3,4,0,0,0,0,0,0,0,0,2,3,0,0,0,0,0.333,0,0.333
Ehire Adrianza,ATL,OF,33,2,4,0,0,0,0,0,0,0,0,0,2,0,0,0,0,0,0,0
Luis Urias,MIL,2B,25,1,4,0,0,0,0,0,0,0,0,0,0,0,0,0,0,0,0,0
Paul DeJong,STL,SS,29,1,4,1,3,0,0,1,1,0,0,0,0,0,0,0,0.75,0.75,1.5,2.25
Meibrys Viloria,CLE,C,26,8,3,0,0,0,0,0,0,0,0,1,0,0,0,0,0,0.25,0,0.25
Corey Dickerson,WAS,OF,33,2,3,0,0,0,0,0,0,0,0,1,2,0,0,0,0,0.25,0,0.25
Freddy Fermin,KC,C,27,1,3,0,1,0,0,0,0,0,0,0,0,0,0,0,0.333,0.333,0.333,0.666
Nathan Lukes,TOR,OF,28,5,3,1,0,0,0,0,0,0,0,1,0,0,0,0,0,0.25,0,0.25
Anthony Bemboom,BAL,C,33,2,2,0,0,0,0,0,0,0,0,1,0,0,0,0,0,0.333,0,0.333
Austin Wynns,SF,C,32,1,2,0,0,0,0,0,0,0,0,0,2,0,0,0,0,0,0,0
Yonny Hernandez,LAD,3B,24,1,1,0,0,0,0,0,0,0,0,0,0,0,0,0,0,0,0,0
